session_entry_id,session_year,state_name,convene_date,adjourn_date,special,notes
1,2011,alabama,3/1/2011,6/9/2011,f,
2,2011,alaska,1/18/2011,4/17/2011,f,
3,2011,arizona,1/10/2011,4/20/2011,f,
4,2011,arkansas,1/10/2011,4/27/2011,f,Session extended from March 10th
5,2011,california,12/6/2010,9/9/2011,f,Organizational session is
6,2011,colorado,1/12/2011,5/11/2011,f,
7,2011,connecticut,1/5/2011,6/8/2011,f,
8,2011,delaware,1/11/2011,6/30/2011,f,
9,2011,florida,3/8/2011,5/6/2011,f,Organizational session is
10,2011,georgia,1/10/2011,4/20/2011,f,
11,2011,hawaii,1/19/2011,5/5/2011,f,
12,2011,idaho,1/10/2011,4/7/2011,f,Organizational session is
13,2011,illinois,1/12/2011,,f,
14,2011,indiana,1/5/2011,4/29/2011,f,Organizational session is
15,2011,iowa,1/10/2011,6/30/2011,f,
16,2011,kansas,1/10/2011,6/1/2011,f,Organizational session is
17,2011,kentucky,1/4/2011,3/9/2011,f,
18,2011,louisiana,4/25/2011,6/23/2011,f,
19,2011,maine,12/1/2010,6/29/2011,f,Organizational session is
20,2011,maryland,1/12/2011,4/11/2011,f,
21,2011,massachusetts,1/5/2011,,f,Joint rules prohibit formal sessions after the third Wednesday of November. Informal sessions are permitted throughout the year
22,2011,michigan,1/12/2011,,f,
23,2011,minnesota,1/4/2011,5/23/2011,f,
24,2011,mississippi,1/4/2011,4/7/2011,f,
25,2011,missouri,1/5/2011,5/30/2011,f,
26,2011,montana,1/3/2011,4/28/2011,f,
27,2011,nebraska,1/5/2011,5/26/2011,f,
28,2011,nevada,2/7/2011,6/6/2011,f,
29,2011,new hampshire,1/5/2011,7/1/2011,f, Organizational session is
30,2011,new jersey,1/12/2011,,f,
31,2011,new mexico,1/18/2011,3/19/2011,f,
32,2011,new york,1/5/2011,1/3/2012,f,
33,2011,north carolina,1/26/2011,,f,"Reconvenes on Nov 7, 2011 "
34,2011,north dakota,1/4/2011,4/28/2011,f,Organizational session is
35,2011,ohio,1/3/2011,,f,
36,2011,oklahoma,2/7/2011,5/20/2011,f,Organizational session is
37,2011,oregon,2/1/2011,6/30/2011,f,Organizational session is
38,2011,pennsylvania,1/4/2011,,f,
39,2011,rhode island,1/4/2011,7/1/2011,f,
40,2011,south carolina,1/11/2011,6/29/2011,f,Session can be extended by 2/3 vote
41,2011,south dakota,1/11/2011,3/28/2011,f,
42,2011,tennessee,1/11/2011,5/21/2011,f,
43,2011,texas,1/11/2011,5/30/2011,f,
44,2011,utah,1/24/2011,3/10/2011,f,
45,2011,vermont,1/5/2011,5/6/2011,f,
46,2011,virginia,1/12/2011,2/27/2011,f,
47,2011,washington,1/10/2011,4/22/2011,f,
48,2011,washington,,,f,
49,2011,west virginia,1/12/2011,3/18/2011,f,
50,2011,wisconsin,1/11/2011,,f,
51,2011,wyoming,1/11/2011,3/3/2011,f,
52,2011,american samoa,1/10/2011,,f,
53,2011,district of columbia,1/3/2011,,f,
54,2011,guam,1/10/2011,,f,
55,2011,northern mariana islands,1/10/2011,,f,
56,2011,puerto rico,1/10/2011,6/30/2011,f,Second part runs from
57,2011,u.s. virgin islands,1/10/2011,,f,
58,2012,alabama,2/7/2012,5/16/2012,f,
59,2012,alaska,1/17/2012,4/16/2012,f,
60,2012,arizona,1/9/2012,5/3/2012,f,
61,2012,arkansas,2/13/2012,3/9/2012,f,Fiscal Session – session may be extended by ¾ votes by both Houses but cannot exceed 15 calendar days
62,2012,california,1/4/2012,8/31/2012,f,
63,2012,colorado,1/11/2012,5/9/2012,f,
64,2012,connecticut,2/8/2012,5/9/2012,f,
65,2012,delaware,1/10/2012,6/30/2012,f,
66,2012,florida,1/10/2012,3/9/2012,f,
67,2012,georgia,1/9/2012,3/29/2012,f,
68,2012,hawaii,1/18/2012,5/3/2012,f,
69,2012,idaho,1/9/2012,3/29/2012,f,
70,2012,illinois,1/11/2012,,f,
71,2012,indiana,1/4/2012,3/10/2012,f,"Organizational session is November 22, 2011"
72,2012,iowa,1/9/2012,5/9/2012,f,
73,2012,kansas,1/9/2012,6/1/2012,f,"Session was extended from March 31, 2012"
74,2012,kentucky,1/3/2012,4/12/2012,f,
75,2012,louisiana,3/12/2012,6/4/2012,f,"Organizational session is Jan 9, 2012"
76,2012,maine,1/4/2012,5/31/2012,f,
77,2012,maryland,1/11/2012,4/9/2012,f,
78,2012,massachusetts,1/4/2012,,f,"Full formal sessions end July 31, 2012"
79,2012,michigan,1/11/2012,,f,
80,2012,minnesota,1/24/2012,5/9/2012,f,
81,2012,mississippi,1/3/2012,5/3/2012,f,
82,2012,missouri,1/4/2012,5/30/2012,f,
83,2012,montana,,,f,No regular session in 2012
84,2012,nebraska,1/4/2012,4/18/2012,f,
85,2012,nevada,,,f,No regular session in 2012
86,2012,new hampshire,1/4/2012,7/1/2012,f,
87,2012,new jersey,1/10/2012,,f,
88,2012,new mexico,1/17/2012,2/16/2012,f,
89,2012,new york,1/4/2012,6/22/2012,f,
90,2012,north carolina,1/4/2012,7/3/2012,f,"Will reconvene Feb 16-18, April 23-25, May 16-mid July"
91,2012,north dakota,,,f,No regular session in 2012
92,2012,ohio,1/3/2012,,f,
93,2012,oklahoma,2/6/2012,5/25/2012,f,
94,2012,oregon,2/1/2012,3/5/2012,f,
95,2012,pennsylvania,1/3/2012,,f,
96,2012,rhode island,1/3/2012,6/13/2012,f,
97,2012,south carolina,1/10/2012,11/12/2012,f,Session was extended from June 7
98,2012,south dakota,1/10/2012,3/19/2012,f,
99,2012,tennessee,1/10/2012,5/1/2012,f,
100,2012,texas,,,f,No regular session in 2012
101,2012,utah,1/23/2012,3/8/2012,f,
102,2012,vermont,1/3/2012,5/22/2012,f,
103,2012,virginia,1/11/2012,3/10/2012,f,
104,2012,washington,1/9/2012,3/8/2012,f,
105,2012,west virginia,1/11/2012,3/16/2012,f,Started extended budget session on March 11
106,2012,wisconsin,1/10/2012,,f,
107,2012,wyoming,2/13/2012,3/8/2012,f,
108,2012,american samoa,1/10/2012,,f,
109,2012,dst. of columbia,1/2/2012,,f,
110,2012,guam,1/10/2012,,f,
111,2012,no. mariana is.,1/10/2012,,f,
112,2012,puerto rico,1/10/2012,6/30/2012,f,
113,2012,virgin islands,1/10/2012,,f,
114,2013,alabama,2/5/2013,5/20/2013,f,
115,2013,alaska,1/15/2013,4/14/2013,f,
116,2013,arizona,1/14/2013,6/14/2013,f,
117,2013,arkansas,1/14/2013,5/17/2013,f,Session extended by 2/3 vote of each house
118,2013,california,12/3/2013,9/13/2013,f,"Organizational session is December 3, 2012"
119,2013,colorado,1/9/2013,5/8/2013,f,
120,2013,connecticut,1/9/2013,6/5/2013,f,
121,2013,delaware,1/8/2013,6/30/2013,f,
122,2013,florida,3/5/2013,5/3/2013,f,"Organization session is November 20, 2012"
123,2013,georgia,1/14/2013,3/28/2013,f,
124,2013,hawaii,1/16/2013,5/2/2013,f,
125,2013,idaho,1/7/2013,4/4/2013,f,"Organizational session is December 6, 2012"
126,2013,illinois,1/9/2013,5/31/2013,f,Veto session held in fall
127,2013,indiana,1/7/2013,4/29/2013,f,"Organizational session is November 20, 2012"
128,2013,iowa,1/14/2013,5/23/2013,f,
129,2013,kansas,1/14/2013,6/20/2013,f,"Organizational session is December 3, 2012"
130,2013,kentucky,1/8/2013,3/26/2013,f,
131,2013,louisiana,4/8/2013,6/6/2013,f,
132,2013,maine,12/5/2013,6/19/2013,f,"Organizational session is December 5, 2012"
133,2013,maryland,1/9/2013,4/8/2013,f,
134,2013,massachusetts,1/2/2013,,f,
135,2013,michigan,1/9/2013,,f,
136,2013,minnesota,1/8/2013,5/20/2013,f,
137,2013,mississippi,1/8/2013,4/4/2013,f,
138,2013,missouri,1/9/2013,5/30/2013,f,
139,2013,montana,1/7/2013,4/24/2013,f,
140,2013,nebraska,1/9/2013,6/5/2013,f,
141,2013,nevada,2/4/2013,6/3/2013,f,
142,2013,new hampshire,1/2/2013,7/1/2013,f,"Organizational session is December 5, 2012"
143,2013,new jersey,1/8/2013,,f,
144,2013,new mexico,1/15/2013,3/16/2013,f,
145,2013,new york,1/9/2013,12/31/2013,f,
146,2013,north carolina,1/30/2013,7/26/2013,f,Organizational session is January 9
147,2013,north dakota,1/8/2013,5/4/2013,f,"Organizational session is December 3, 2012"
148,2013,ohio,1/7/2013,,f,
149,2013,oklahoma,2/4/2013,5/24/2013,f,Organizational session is January 8
150,2013,oregon,2/4/2013,7/8/2013,f,Organizational session is January 14
151,2013,pennsylvania,1/1/2013,,f,
152,2013,rhode island,1/1/2013,7/3/2013,f,
153,2013,south carolina,1/8/2013,6/6/2013,f,Session extended from June 6
154,2013,south dakota,1/8/2013,3/25/2013,f,
155,2013,tennessee,1/8/2013,4/19/2013,f,Organizational session is January 6-8
156,2013,texas,1/8/2013,5/27/2013,f,
157,2013,utah,1/28/2013,3/14/2013,f,
158,2013,vermont,1/9/2013,5/14/2013,f,
159,2013,virginia,1/9/2013,2/23/2013,f,Constitution allows session to be extended for up to -30 days by a 2/3 vote of each house.
160,2013,washington,1/14/2013,4/28/2013,f,
161,2013,west virginia,2/13/2013,4/13/2013,f,Organizational session is January 9
162,2013,wisconsin,1/7/2013,,f,Organizational session is January 15
163,2013,wyoming,1/8/2013,2/27/2013,f,
164,2013,american samoa,1/14/2013,,f,
165,2013,dst. of columbia,1/2/2013,,f,
166,2013,guam,1/14/2013,,f,
167,2013,no. mariana is.,1/14/2013,,f,
168,2013,puerto rico,1/14/2013,6/30/2013,f,2nd part runs from Aug. 19 to Nov. 19
169,2013,virgin islands,1/14/2013,,f,
170,2014,alabama,1/14/2014,4/3/2014,f,
171,2014,alaska,1/21/2014,4/25/2014,f,Session extended from April 20
172,2014,arizona,1/13/2014,4/24/2014,f,
173,2014,arkansas,2/10/2014,3/19/2014,f,
174,2014,california,1/6/2014,11/30/2014,f,
175,2014,colorado,1/8/2014,5/7/2014,f,
176,2014,connecticut,2/5/2014,5/7/2014,f,
177,2014,delaware,1/14/2014,6/30/2014,f,
178,2014,florida,3/4/2014,5/2/2014,f,
179,2014,georgia,1/13/2014,3/20/2014,f,
180,2014,hawaii,1/15/2014,5/1/2014,f,
181,2014,idaho,1/6/2014,3/20/2014,f,
182,2014,illinois,1/29/2014,5/31/2014,f, 
183,2014,indiana,1/6/2014,3/13/2014,f,
184,2014,iowa,1/13/2014,5/1/2014,f,
185,2014,kansas,1/13/2014,5/30/2014,f,
186,2014,kentucky,1/7/2014,4/15/2014,f,
187,2014,louisiana,3/10/2014,6/2/2014,f,
188,2014,maine,1/8/2014,4/17/2014,f,
189,2014,maryland,1/8/2014,4/7/2014,f,
190,2014,massachusetts,1/1/2014,,f,
191,2014,michigan,1/8/2014,,f,
192,2014,minnesota,2/25/2014,5/21/2014,f,
193,2014,mississippi,1/7/2014,4/3/2014,f,
194,2014,missouri,1/8/2014,5/30/2014,f,
195,2014,montana,,,f,
196,2014,nebraska,1/8/2014,4/17/2014,f,
197,2014,nevada,,,f,
198,2014,new hampshire,1/8/2014,7/1/2014,f,
199,2014,new jersey,1/14/2014,,f,
200,2014,new mexico,1/21/2014,2/20/2014,f,
201,2014,new york,1/8/2014,6/23/2014,f,
202,2014,north carolina,5/14/2014,8/20/2014,f,
203,2014,north dakota,,,f,
204,2014,ohio,1/7/2014,,f,
205,2014,oklahoma,2/3/2014,5/24/2014,f,
206,2014,oregon,2/3/2014,3/7/2014,f,
207,2014,pennsylvania,1/7/2014,,f,
208,2014,rhode island,6/21/2014,6/21/2014,f,
209,2014,south carolina,1/14/2014,6/5/2014,f,
210,2014,south dakota,1/14/2014,3/31/2014,f,
211,2014,tennessee,1/14/2014,4/17/2014,f,
212,2014,texas,,,f,
213,2014,utah,1/27/2014,3/13/2014,f,
214,2014,vermont,1/7/2014,5/10/2014,f,
215,2014,virginia,1/8/2014,3/8/2014,f,
216,2014,washington,1/13/2014,3/13/2014,f,
217,2014,west virginia,1/8/2014,3/8/2014,f,
218,2014,wisconsin,1/14/2014,,f,
219,2014,wyoming,2/10/2014,3/6/2014,f,
220,2014,american samoa,1/13/2014,,f,
221,2014,dst. of columbia,1/2/2014,,f,
222,2014,guam,1/13/2014,,f,
223,2014,no. mariana is.,1/13/2014,,f,
224,2014,puerto rico,1/13/2014,5/13/2014,f,2nd part runs from Aug. 18 to Nov. 18
225,2014,virgin islands,1/13/2014,,f,
226,2015,alabama,3/3/2015,6/4/2015,f,Organizational session was January 13
227,2015,alaska,1/20/2015,4/28/2015,f,Session extended from April 19
228,2015,arizona,1/12/2015,4/3/2015,f,
229,2015,arkansas,1/12/2015,4/22/2015,f,
230,2015,california,12/1/2014,9/11/2015,f,"Organizational session was December 1, 2014"
231,2015,colorado,1/7/2015,5/6/2015,f,
232,2015,connecticut,1/7/2015,6/3/2015,f,
233,2015,delaware,1/13/2015,6/30/2015,f,
234,2015,florida,3/3/2015,5/1/2015,f,"Organization session was November 18, 2014"
235,2015,georgia,1/12/2015,4/2/2015,f,
236,2015,hawaii,1/21/2015,5/7/2015,f,
354,2017,kentucky,1/3/2017,3/30/2017,f,
237,2015,idaho,1/12/2015,4/11/2015,f,"Organizational session is December 4, 2014"
238,2015,illinois,1/14/2015,,f, 
239,2015,indiana,1/6/2015,4/29/2015,f,"Organizational session was November 18, 2014"
240,2015,iowa,1/12/2015,6/6/2015,f,
241,2015,kansas,1/12/2015,6/12/2015,f,"Organizational session for House is December 1, 2014"
242,2015,kentucky,1/6/2015,3/25/2015,f,
243,2015,louisiana,4/13/2015,6/11/2015,f,
244,2015,maine,12/3/2014,7/16/2015,f,"Session extended from June 17. Organizational session was December 3, 2014."
245,2015,maryland,1/14/2015,4/13/2015,f,
246,2015,massachusetts,1/7/2015,,f,
247,2015,michigan,1/14/2015,,f,
248,2015,minnesota,1/6/2015,5/18/2015,f,
249,2015,mississippi,1/6/2015,4/2/2015,f,
250,2015,missouri,1/7/2015,5/27/2015,f,
251,2015,montana,1/5/2015,4/28/2015,f,
252,2015,nebraska,1/7/2015,5/29/2015,f,
253,2015,nevada,2/2/2015,6/1/2015,f,
254,2015,new hampshire,1/7/2015,7/1/2015,f,"Organizational session was December 3, 2014"
255,2015,new jersey,1/13/2015,,f,
256,2015,new mexico,1/20/2015,3/21/2015,f,
257,2015,new york,1/7/2015,6/25/2015,f,
258,2015,north carolina,1/14/2015,9/30/2015,f,Organizational session was January 14
259,2015,north dakota,1/6/2015,4/29/2015,f,"Organizational session was December 1, 2014"
260,2015,ohio,1/5/2015,,f,
261,2015,oklahoma,2/2/2015,5/22/2015,f,Organizational session was January 6
262,2015,oregon,2/2/2015,7/6/2015,f,Organizational session was January 12
263,2015,pennsylvania,1/6/2015,,f,
264,2015,rhode island,1/6/2015,6/25/2015,f,
265,2015,south carolina,1/13/2015,7/9/2015,f,Session extended from June 4
266,2015,south dakota,1/13/2015,3/30/2015,f,
267,2015,tennessee,1/13/2015,4/22/2015,f,Organizational session was January 13
268,2015,texas,1/13/2015,6/1/2015,f,
269,2015,utah,1/26/2015,3/12/2015,f,
270,2015,vermont,1/7/2015,5/16/2015,f,
271,2015,virginia,1/14/2015,2/27/2015,f,
272,2015,washington,1/12/2015,4/24/2015,f,
273,2015,west virginia,1/14/2015,3/18/2015,f,Session extended from March 14.  Organizational session was January 14
274,2015,wisconsin,1/5/2015,,f,Organizational session was January 5
275,2015,wyoming,1/13/2015,3/5/2015,f,
276,2015,american samoa,1/12/2015,,f,
277,2015,dst. of columbia,1/2/2015,,f,
278,2015,guam,1/12/2015,,f,
279,2015,no. mariana is.,1/12/2015,,f,
280,2015,puerto rico,1/12/2015,5/12/2015,f,2nd part runs from Aug 17 to Nov 17
281,2015,virgin islands,1/12/2015,,f,
282,2016,alabama,2/2/2016,5/3/2016,f,
283,2016,alaska,1/19/2016,5/18/2016,f,
284,2016,arizona,1/11/2016,5/7/2016,f,
285,2016,arkansas,4/13/2016,5/9/2016,f,Session may be extended by 15 days
286,2016,california,1/4/2016,8/31/2016,f,
287,2016,colorado,1/13/2016,5/11/2016,f,
288,2016,connecticut,2/3/2016,5/4/2016,f,
289,2016,delaware,1/12/2016,6/30/2016,f,
290,2016,florida,1/12/2016,3/11/2016,f,
291,2016,georgia,1/11/2016,3/25/2016,f,
292,2016,hawaii,1/20/2016,5/5/2016,f,
293,2016,idaho,1/11/2016,3/25/2016,f,
294,2016,illinois,1/13/2016,,f,
295,2016,indiana,1/5/2016,3/10/2016,f,
296,2016,iowa,1/11/2016,4/29/2016,f,
297,2016,kansas,1/11/2016,6/1/2016,f,
298,2016,kentucky,1/5/2016,4/15/2016,f,Session extended to April 15
299,2016,louisiana,3/14/2016,6/6/2016,f,"Organizational session is Jan 11, 2016"
300,2016,maine,1/6/2016,4/16/2016,f,
301,2016,maryland,1/13/2016,4/11/2016,f,
302,2016,massachusetts,1/6/2016,,f,
303,2016,michigan,1/13/2016,,f,
304,2016,minnesota,3/8/2016,5/23/2016,f,
305,2016,mississippi,1/5/2016,4/21/2016,f,
306,2016,missouri,1/6/2016,5/13/2016,f,
307,2016,montana,,,f,No regular session in 2016
308,2016,nebraska,1/6/2016,4/20/2016,f,
309,2016,nevada,,,f,No regular session in 2016
310,2016,new hampshire,1/6/2016,7/1/2016,f,
311,2016,new jersey,1/12/2016,,f,
312,2016,new mexico,1/19/2016,2/18/2016,f,
313,2016,new york,1/6/2016,6/18/2016,f,
314,2016,north carolina,4/25/2016,7/2/2016,f,
315,2016,north dakota,,,f,No regular session in 2016
316,2016,ohio,1/5/2016,,f,
317,2016,oklahoma,2/1/2016,5/27/2016,f,
318,2016,oregon,2/1/2016,3/3/2016,f,
319,2016,pennsylvania,1/5/2016,,f,
320,2016,rhode island,1/5/2016,6/18/2016,f,
321,2016,south carolina,1/12/2016,6/2/2016,f,
322,2016,south dakota,1/12/2016,3/29/2016,f,
323,2016,tennessee,1/12/2016,4/22/2016,f,
324,2016,texas,,,f,No regular session in 2016
325,2016,utah,1/25/2016,3/10/2016,f,
326,2016,vermont,1/5/2016,5/7/2016,f,
327,2016,virginia,1/13/2016,3/11/2016,f,
328,2016,washington,1/11/2016,3/10/2016,f,
329,2016,west virginia,1/13/2016,3/15/2016,f,Session extended to March 15
330,2016,wisconsin,1/12/2016,,f,
331,2016,wyoming,2/8/2016,3/4/2016,f,
332,2016,american samoa,1/11/2016,,f,
333,2016,dst. of columbia,1/2/2016,,f,
334,2016,guam,1/11/2016,,f,
335,2016,no. mariana is.,1/11/2016,,f,
336,2016,puerto rico,1/11/2016,5/11/2016,f,2nd part runs Aug 15 to Nov 15
337,2016,virgin islands,1/11/2016,,f,
338,2017,alabama,2/7/2017,5/19/2017,f,
339,2017,alaska,1/17/2017,5/17/2017,f,
340,2017,arizona,1/9/2017,5/11/2017,f,
341,2017,arkansas,1/9/2017,5/1/2017,f,
342,2017,california,12/5/2016,9/15/2017,f,"Organizational session is December 5, 2016"
343,2017,colorado,1/11/2017,5/10/2017,f,
344,2017,connecticut,1/4/2017,6/7/2017,f,
345,2017,delaware,1/10/2017,7/1/2017,f,
346,2017,florida,3/7/2017,5/8/2017,f,"Organizational session is November 22, 2016"
347,2017,georgia,1/9/2017,3/30/2017,f,
348,2017,hawaii,1/18/2017,5/4/2017,f,
349,2017,idaho,1/9/2017,3/29/2017,f,"Organizational session is December 1, 2016"
350,2017,illinois,1/11/2017,,f,
351,2017,indiana,1/3/2017,4/29/2017,f,"Organizational session is November 15, 2016"
352,2017,iowa,1/9/2017,4/28/2017,f,
353,2017,kansas,1/9/2017,6/26/2017,f,"Organizational session is December 5, 2016"
355,2017,louisiana,4/10/2017,6/8/2017,f,
356,2017,maine,12/7/2016,7/3/2017,f,"Organizational session is December 7, 2016"
357,2017,maryland,1/11/2017,4/10/2017,f,
358,2017,massachusetts,1/4/2017,,f,
359,2017,michigan,1/11/2017,,f,
360,2017,minnesota,1/3/2017,5/22/2017,f,
361,2017,mississippi,1/3/2017,4/2/2017,f,
362,2017,missouri,1/4/2017,5/12/2017,f,
363,2017,montana,1/2/2017,4/28/2017,f,
364,2017,nebraska,1/4/2017,5/23/2017,f,
365,2017,nevada,2/6/2017,6/5/2017,f,
366,2017,new hampshire,1/4/2017,6/22/2017,f,"Organizational session is December 7, 2016"
367,2017,new jersey,1/10/2017,,f,
368,2017,new mexico,1/17/2017,3/18/2017,f,
369,2017,new york,1/4/2017,12/31/2017,f,
370,2017,north carolina,1/11/2017,,f,"Organizational session is January 11, 2017"
371,2017,north dakota,1/3/2017,4/27/2017,f,"Organizational session is December 5, 2016"
372,2017,ohio,1/2/2017,,f,
373,2017,oklahoma,2/6/2017,5/26/2017,f,"Organizational session is January 3, 2017"
374,2017,oregon,2/1/2017,7/7/2017,f,"Organizational session is January 9, 2017"
375,2017,pennsylvania,1/3/2017,,f,
376,2017,rhode island,1/3/2017,,f,
377,2017,south carolina,1/10/2017,5/11/2017,f,
378,2017,south dakota,1/10/2017,3/27/2017,f,
379,2017,tennessee,1/10/2017,5/10/2017,f,
380,2017,texas,1/10/2017,5/29/2017,f,
381,2017,utah,1/23/2017,3/9/2017,f,
382,2017,vermont,1/4/2017,5/18/2017,f,
383,2017,virginia,1/11/2017,2/25/2017,f,
384,2017,washington,1/9/2017,4/23/2017,f,
385,2017,west virginia,2/8/2017,4/8/2017,f,"Organizational session is January 11, 2017"
386,2017,wisconsin,1/3/2017,,f,
387,2017,wyoming,1/10/2017,3/3/2017,f,
388,2017,american samoa,1/9/2017,,f,
389,2017,dst. of columbia,1/2/2017,,f,
390,2017,guam,1/9/2017,,f,
391,2017,no. mariana is.,1/9/2017,,f,
392,2017,puerto rico,1/9/2017,5/9/2017,f,2nd part runs Aug 21 to Nov 21
393,2017,virgin islands,1/9/2017,,f,
394,2018,alabama,1/9/2018,3/29/2018,f,
395,2018,alaska,1/16/2018,5/13/2018,f,
396,2018,arizona,1/8/2018,5/4/2018,f,
397,2018,arkansas,2/12/2018,3/12/2018,f,
398,2018,california,1/1/2018,8/31/2018,f,
399,2018,colorado,1/10/2018,5/9/2018,f,
400,2018,connecticut,2/7/2018,5/9/2018,f,
401,2018,delaware,1/9/2018,7/1/2018,f,
402,2018,florida,1/9/2018,3/11/2018,f,
403,2018,georgia,1/8/2018,3/29/2018,f,
404,2018,hawaii,1/17/2018,5/3/2018,f,
405,2018,idaho,1/8/2018,3/28/2018,f,
406,2018,illinois,1/10/2018,,f,
407,2018,indiana,1/3/2018,3/14/2018,f,
408,2018,iowa,1/8/2018,5/7/2018,f,
409,2018,kansas,1/8/2018,5/5/2018,f,
410,2018,kentucky,1/2/2018,4/14/2018,f,
411,2018,louisiana,3/12/2018,5/18/2018,f,
412,2018,maine,1/2/2018,5/2/2018,f,
413,2018,maryland,1/10/2018,4/9/2018,f,
414,2018,massachusetts,1/3/2018,,f,
415,2018,michigan,1/10/2018,,f,
416,2018,minnesota,2/20/2018,5/20/2018,f,
417,2018,mississippi,1/2/2018,3/28/2018,f,
418,2018,missouri,1/3/2018,5/18/2018,f,
419,2018,montana,,,f,No regular session in 2018
420,2018,nebraska,1/3/2018,4/18/2018,f,
421,2018,nevada,,,f,No regular session in 2018
422,2018,new hampshire,1/3/2018,6/30/2018,f,
423,2018,new jersey,1/9/2018,,f,
424,2018,new mexico,1/16/2018,2/15/2018,f,
425,2018,new york,1/3/2018,6/20/2018,f,
426,2018,north carolina,1/10/2018,6/29/2018,f,
427,2018,north dakota,,,f,No regular session in 2018
428,2018,ohio,1/2/2018,,f,
429,2018,oklahoma,2/5/2018,5/9/2018,f,
430,2018,oregon,2/5/2018,3/5/2018,f,
431,2018,pennsylvania,1/2/2018,,f,
432,2018,rhode island,1/2/2018,,f,
433,2018,south carolina,1/9/2018,5/9/2018,f,
434,2018,south dakota,1/9/2018,3/26/2018,f,
435,2018,tennessee,1/9/2018,4/25/2018,f,
436,2018,texas,,,f,No regular session in 2018
437,2018,utah,1/22/2018,3/9/2018,f,
438,2018,vermont,1/3/2018,5/12/2018,f,
439,2018,virginia,1/10/2018,3/11/2018,f,
440,2018,washington,1/8/2018,3/9/2018,f,
441,2018,west virginia,1/10/2018,3/11/2018,f,
442,2018,wisconsin,1/16/2018,,f,
443,2018,wyoming,2/12/2018,3/16/2018,f,
444,2018,american samoa,1/8/2018,,f,Second Session Begins on July 9
445,2018,dist. of columbia,1/2/2018,,f,
446,2018,guam,1/8/2018,,f,
447,2018,no. mariana is.,1/8/2018,,f,
448,2018,puerto rico,1/8/2018,6/30/2018,f,"The second session will begin on Monday, August 20 and will end on Tuesday, November 13."
449,2018,virgin islands,1/8/2018,,f,
450,2019,alabama,3/5/2019,5/31/2019,f,Organizational Session Convenes January 8
451,2019,alaska,1/15/2019,5/15/2019,f,Extended from April 14
452,2019,arizona,1/14/2019,5/28/2019,f,
453,2019,arkansas,1/14/2019,4/24/2019,f,Extended from March 14
454,2019,california,12/3/2019,9/13/2019,f,Summer recess 7/12/19 - 8/11/19
455,2019,colorado,1/4/2019,5/3/2019,f,
456,2019,connecticut,1/9/2019,6/5/2019,f,
457,2019,delaware,1/8/2019,6/30/2019,f,
458,2019,florida,3/5/2019,5/4/2019,f,
459,2019,georgia,1/14/2019,4/2/2019,f,
460,2019,hawaii,1/16/2019,5/2/2019,f,
461,2019,idaho,1/7/2019,4/11/2019,f,
462,2019,illinois,1/9/2019,6/2/2019,f,Veto session 10/28/19 - 11/14/19
463,2019,indiana,1/3/2019,4/24/2019,f,Organization Day 11/20/18
464,2019,iowa,1/14/2019,4/27/2019,f,
465,2019,kansas,1/14/2019,5/29/2019,f,Veto recess 4/6/19 - 4/30/19
466,2019,kentucky,1/8/2019,3/28/2019,f,
467,2019,louisiana,4/8/2019,6/6/2019,f,
468,2019,maine,12/5/2019,6/20/2019,f,
469,2019,maryland,1/9/2019,4/8/2019,f,
470,2019,massachusetts,1/2/2019,11/20/2019,f,
471,2019,michigan,1/9/2019,12/31/2019,f,
472,2019,minnesota,1/8/2019,5/20/2019,f,
473,2019,mississippi,1/8/2019,3/29/2019,f,
474,2019,missouri,1/9/2019,5/17/2019,f,Technical session 5/30/19
475,2019,montana,1/7/2019,4/25/2019,f,
476,2019,nebraska,1/9/2019,5/31/2019,f,Changed from 6/6/19
477,2019,nevada,2/4/2019,6/3/2019,f,
478,2019,new hampshire,1/2/2019,6/30/2019,f,"Organization Day 12/05/18
Veto session 9/18/19 - 9/19/19"
479,2019,new jersey,1/9/2019,,f,
480,2019,new mexico,1/15/2019,3/16/2019,f,
481,2019,new york,1/9/2019,1/8/2020,f,
482,2019,north carolina,1/9/2019,10/31/2019,f,
483,2019,north dakota,1/3/2019,4/26/2019,f,Organizational Session 12/3/18-12/5/18
484,2019,ohio,1/7/2019,12/31/2019,f,
485,2019,oklahoma,2/4/2019,5/23/2019,f,
486,2019,oregon,1/22/2019,6/30/2019,f,
487,2019,pennsylvania,1/1/2019,12/18/2019,f,Summer recess 7/1/19 - 9/17/19
488,2019,rhode island,1/1/2019,6/30/2019,f,
489,2019,south carolina,1/8/2019,5/9/2019,f,"Veto session 5/20/19 - 5/22/19
Budget veto session 6/25/19"
490,2019,south dakota,1/8/2019,3/29/2019,f,Veto recess 3/13/19 - 3/28/19
491,2019,tennessee,1/8/2019,5/2/2019,f,
492,2019,texas,1/8/2019,5/27/2019,f,
493,2019,utah,1/28/2019,3/14/2019,f,
494,2019,vermont,1/9/2019,5/29/2019,f,Town Meeting Week March 4-8
495,2019,virginia,1/9/2019,2/24/2019,f,"Veto (reconvened) session is scheduled for April 3, 2019"
496,2019,washington,1/14/2019,4/28/2019,f,
497,2019,west virginia,1/9/2019,3/9/2019,f,
498,2019,wisconsin,1/7/2019,12/31/2019,f,
499,2019,wyoming,1/8/2019,2/28/2019,f,
500,2019,american samoa,,,f,TBD
501,2019,dist. of columbia,1/2/2019,,f,
502,2019,guam,,,f,TBD
503,2019,no. mariana is.,,,f,TBD
504,2019,puerto rico,1/14/2019,11/30/2019,f,Summer Recess July 1- August 11
505,2019,virgin islands,1/14/2019,,f,
506,2020,alabama,2/4/2020,5/18/2020,f,
507,2020,alaska,1/21/2020,5/20/2020,f,
508,2020,arizona,1/13/2020,5/26/2020,f,
509,2020,arkansas,4/8/2020,4/24/2020,f,
510,2020,california,1/6/2020,11/30/2020,f,
511,2020,colorado,1/8/2020,6/15/2020,f,
512,2020,connecticut,2/5/2020,5/6/2020,f,
513,2020,delaware,1/14/2020,6/30/2020,f,
514,2020,florida,1/14/2020,3/19/2020,f,
515,2020,georgia,1/13/2020,6/26/2020,f,
516,2020,hawaii,1/15/2020,7/10/2020,f,
517,2020,idaho,1/6/2020,3/20/2020,f,
518,2020,illinois,1/8/2020,,f,
519,2020,indiana,1/6/2020,3/11/2020,f,
520,2020,iowa,1/13/2020,6/14/2020,f,
521,2020,kansas,1/13/2020,5/22/2020,f,
522,2020,kentucky,1/7/2020,4/15/2020,f,
523,2020,louisiana,3/9/2020,6/1/2020,f,
524,2020,maine,1/8/2020,3/17/2020,f,
525,2020,maryland,1/8/2020,3/18/2020,f,
526,2020,massachusetts,1/1/2020,,f,
527,2020,michigan,1/8/2020,,f,
528,2020,minnesota,2/11/2020,5/17/2020,f,
529,2020,mississippi,1/7/2020,,f,
530,2020,missouri,1/8/2020,5/15/2020,f,Technical session April 7; Technical session May 27
531,2020,montana,,,f,No regular session in 2020
532,2020,nebraska,1/8/2020,8/13/2020,f,
533,2020,nevada,,,f,No regular session in 2020
534,2020,new hampshire,1/8/2020,,f,
535,2020,new jersey,1/14/2020,,f,
536,2020,new mexico,1/21/2020,2/20/2020,f,
537,2020,new york,1/8/2020,12/31/2020,f,
538,2020,north carolina,4/28/2020,,f,
539,2020,north dakota,,,f,No regular session in 2020
540,2020,ohio,1/15/2020,,f,
541,2020,oklahoma,2/3/2020,5/29/2020,f,
542,2020,oregon,2/3/2020,3/8/2020,f,
543,2020,pennsylvania,1/7/2020,,f,
544,2020,rhode island,1/7/2020,,f,
545,2020,south carolina,1/14/2020,,f,"Reconvenes June 23-25, re: federal CARES Act"
546,2020,south dakota,1/14/2020,3/30/2020,f,
547,2020,tennessee,1/14/2020,6/19/2020,f,
548,2020,texas,,,f,No regular session in 2020
549,2020,utah,1/27/2020,3/12/2020,f,
550,2020,vermont,1/7/2020,,f,
551,2020,virginia,1/8/2020,3/12/2020,f,House veto session April 22
552,2020,washington,1/13/2020,3/12/2020,f,
553,2020,west virginia,1/8/2020,3/7/2020,f,
554,2020,wisconsin,1/14/2020,5/7/2020,f,
555,2020,wyoming,2/10/2020,3/12/2020,f,
556,2020,american samoa,,,f,
557,2020,dist. of columbia,1/2/2020,,f,
558,2020,guam,1/13/2020,12/31/2020,f,
559,2020,no. mariana is.,2/8/2020,,f,
560,2020,puerto rico,1/13/2020,6/30/2020,f,
561,2020,virgin islands,1/13/2020,,f,
